{"cameraMode":{"drawMode":0,"name":"Shaded","section":"Shading Mode"},"sceneLighting":true,"audioPlay":false,"sceneViewState":{"showFog":false,"showMaterialUpdate":false,"showSkybox":false,"showFlares":false,"showImageEffects":false,"showParticleSystems":false},"in2DMode":false,"pivot":{"x":-0.18658608198165894,"y":0.8012094497680664,"z":0.392071008682251},"rotation":{"x":-0.09927614033222199,"y":0.8864959478378296,"z":-0.22429247200489045,"w":-0.3923802077770233},"size":13.940674781799317,"orthographic":false}